<?xml version="1.0" encoding="UTF-8"?>
<!DOCTYPE Configure PUBLIC "-//Mort Bay Consulting//DTD Configure//EN" "http://www.eclipse.org/jetty/configure_9_2.dtd">
<Configure class="org.eclipse.jetty.webapp.WebAppContext">
    <Get name="securityHandler">
        <Set name="loginService">
            <New class="org.eclipse.jetty.security.HashLoginService">
                <Set name="name">Test Realm</Set>
                <Set name="config">src/main/webapp/realm.properties</Set>
            </New>
        </Set>
    </Get>
</Configure>